{"cameraMode":{"drawMode":0,"name":"Shaded","section":"Shading Mode"},"sceneLighting":false,"audioPlay":false,"sceneViewState":{"m_AlwaysRefresh":false,"showFog":true,"showSkybox":false,"showFlares":true,"showImageEffects":true,"showParticleSystems":true,"showVisualEffectGraphs":true,"m_FxEnabled":true},"in2DMode":false,"pivot":{"x":0.31004825234413149,"y":-0.09794235229492188,"z":1.5266168117523194},"rotation":{"x":-0.3242708146572113,"y":-0.019299358129501344,"z":0.006615081336349249,"w":-0.945750892162323},"size":7.231886863708496,"orthographic":false}